{
    "20": [
        2.2516291673878226,
        0.6500224216483541
    ],
    "01": [
        -0.0,
        2.584962500721156
    ],
    "19": [
        1.584962500721156,
        1.584962500721156
    ],
    "年 ": [
        2.0,
        2.0
    ],
    "车 ": [
        1.0,
        1.0
    ],
    "16": [
        1.0,
        1.0
    ],
    " 全": [
        1.584962500721156,
        1.584962500721156
    ],
    "小学": [
        1.0,
        -0.0
    ],
    "学 ": [
        0.9182958340544896,
        1.584962500721156
    ],
    "培训": [
        1.0,
        1.0
    ],
    "12": [
        1.0,
        1.0
    ],
    " 2": [
        2.0,
        2.0
    ],
    "2.": [
        3.240223928941852,
        2.815922063835166
    ],
    ".5": [
        2.6416041678685933,
        2.725480556997868
    ],
    "g ": [
        1.0,
        1.0
    ],
    " 的": [
        3.7004397181410926,
        -0.0
    ],
    "的 ": [
        -0.0,
        3.5465935642949384
    ],
    " 和": [
        2.0,
        -0.0
    ],
    "和 ": [
        -0.0,
        2.0
    ],
    " 什": [
        1.584962500721156,
        -0.0
    ],
    "什么": [
        1.3709505944546687,
        0.7219280948873623
    ],
    "样 ": [
        1.0,
        1.0
    ],
    " 女": [
        1.0,
        -0.0
    ],
    "女孩": [
        -0.0,
        1.0
    ],
    "子 ": [
        2.321928094887362,
        1.9219280948873623
    ],
    " 最": [
        2.584962500721156,
        1.2516291673878228
    ],
    " 了": [
        1.0,
        1.0
    ],
    "85": [
        1.0,
        1.0
    ],
    "7 ": [
        1.0,
        1.0
    ],
    "36": [
        1.0,
        -0.0
    ],
    "60": [
        1.9219280948873623,
        1.3709505944546687
    ],
    "0 ": [
        1.7924812503605778,
        2.584962500721156
    ],
    " 卫": [
        1.0,
        1.0
    ],
    "士 ": [
        1.0,
        1.0
    ],
    "最新": [
        -0.0,
        0.8112781244591328
    ],
    "新 ": [
        -0.0,
        1.584962500721156
    ],
    "本 ": [
        1.0,
        1.0
    ],
    " 下": [
        2.321928094887362,
        0.7219280948873623
    ],
    "下载": [
        -0.0,
        2.0
    ],
    " 排": [
        1.0,
        1.0
    ],
    "2 ": [
        1.584962500721156,
        1.584962500721156
    ],
    " .": [
        7.154822874665882,
        5.9646329374563
    ],
    ". ": [
        7.027306456883668,
        7.055308971486643
    ],
    " 1": [
        1.9219280948873623,
        1.9219280948873623
    ],
    " 5": [
        1.0,
        1.0
    ],
    "5 ": [
        1.0,
        1.0
    ],
    "6 ": [
        1.0,
        1.0
    ],
    " s": [
        1.0,
        1.0
    ],
    "ge": [
        1.0,
        1.0
    ],
    "er": [
        1.0,
        1.0
    ],
    " u": [
        1.0,
        1.0
    ],
    "i ": [
        2.0,
        2.0
    ],
    "l ": [
        1.3709505944546687,
        2.321928094887362
    ],
    " /": [
        2.0,
        -0.0
    ],
    "/ ": [
        -0.0,
        2.0
    ],
    "件 ": [
        1.0,
        1.0
    ],
    "de": [
        1.0,
        1.0
    ],
    "et": [
        2.0,
        1.5
    ],
    "ai": [
        1.0,
        1.0
    ],
    "in": [
        1.0,
        1.0
    ],
    "t ": [
        0.9182958340544896,
        1.584962500721156
    ],
    "26": [
        1.0,
        1.0
    ],
    "50": [
        1.0,
        1.0
    ],
    " 多": [
        0.9182958340544896,
        1.584962500721156
    ],
    "多 ": [
        1.584962500721156,
        1.584962500721156
    ],
    " 男": [
        1.0,
        1.0
    ],
    "男人": [
        1.0,
        -0.0
    ],
    "人 ": [
        2.2516291673878226,
        2.584962500721156
    ],
    "1 ": [
        -0.0,
        1.0
    ],
    " `": [
        1.0,
        -0.0
    ],
    "` ": [
        -0.0,
        1.0
    ],
    " q": [
        1.0,
        1.0
    ],
    " !": [
        1.0,
        -0.0
    ],
    "! ": [
        -0.0,
        1.0
    ],
    "re": [
        1.0,
        1.0
    ],
    "e ": [
        1.9219280948873623,
        2.321928094887362
    ],
    " t": [
        1.0,
        -0.0
    ],
    "o ": [
        -0.0,
        1.0
    ],
    " i": [
        1.0,
        1.0
    ],
    "高考": [
        1.0,
        1.0
    ],
    " 快": [
        1.0,
        1.0
    ],
    " 高": [
        1.0,
        1.0
    ],
    "游戏": [
        1.0,
        1.0
    ],
    "效 ": [
        -0.0,
        1.0
    ],
    " 作": [
        1.584962500721156,
        0.9182958340544896
    ],
    " 可": [
        1.584962500721156,
        -0.0
    ],
    "以 ": [
        -0.0,
        1.584962500721156
    ],
    " 吗": [
        2.75,
        3.0
    ],
    "书 ": [
        1.0,
        1.0
    ],
    " 表": [
        2.0,
        1.5
    ],
    "情包": [
        -0.0,
        1.0
    ],
    " 对": [
        2.0,
        1.5
    ],
    "对 ": [
        -0.0,
        1.0
    ],
    "法 ": [
        1.0,
        1.0
    ],
    " 不": [
        1.584962500721156,
        1.584962500721156
    ],
    "能 ": [
        1.9219280948873623,
        2.321928094887362
    ],
    "小说": [
        1.0,
        -0.0
    ],
    "说 ": [
        -0.0,
        1.0
    ],
    "文章": [
        1.0,
        -0.0
    ],
    "章 ": [
        -0.0,
        1.0
    ],
    " 免": [
        1.0,
        -0.0
    ],
    "费 ": [
        -0.0,
        1.0
    ],
    " 拼": [
        1.0,
        -0.0
    ],
    "拼音": [
        -0.0,
        1.0
    ],
    " 需": [
        1.0,
        -0.0
    ],
    "要 ": [
        0.9182958340544896,
        0.9182958340544896
    ],
    "么 ": [
        0.9910760598382222,
        3.169925001442312
    ],
    "4 ": [
        0.9182958340544896,
        1.584962500721156
    ],
    " 消": [
        1.0,
        1.0
    ],
    "文 ": [
        1.584962500721156,
        1.584962500721156
    ],
    " 怎": [
        2.807354922057604,
        -0.0
    ],
    "怎么": [
        -0.0,
        1.1488348542809166
    ],
    " 教": [
        1.0,
        1.0
    ],
    " 时": [
        1.584962500721156,
        0.9182958340544896
    ],
    " 靠": [
        1.0,
        1.0
    ],
    " 视": [
        1.0,
        -0.0
    ],
    "视频": [
        1.5,
        2.0
    ],
    "在线": [
        1.0,
        1.0
    ],
    "苹果": [
        1.0,
        -0.0
    ],
    "果 ": [
        -0.0,
        1.0
    ],
    "xs": [
        1.0,
        1.0
    ],
    "生 ": [
        1.584962500721156,
        1.584962500721156
    ],
    "网 ": [
        1.0,
        1.0
    ],
    "现 ": [
        1.0,
        1.0
    ],
    "图片": [
        1.0,
        1.0
    ],
    "大全": [
        1.0,
        1.0
    ],
    " 吃": [
        1.0,
        1.0
    ],
    " 哪": [
        1.584962500721156,
        1.584962500721156
    ],
    "时 ": [
        0.9182958340544896,
        1.584962500721156
    ],
    " 掉": [
        1.0,
        1.0
    ],
    " 文": [
        1.584962500721156,
        1.584962500721156
    ],
    " 电": [
        1.0,
        1.0
    ],
    "电影": [
        1.0,
        1.0
    ],
    "爱 ": [
        1.0,
        1.0
    ],
    " 图": [
        1.0,
        1.0
    ],
    "易 ": [
        1.0,
        1.0
    ],
    " 是": [
        1.0,
        -0.0
    ],
    "是 ": [
        -0.0,
        1.0
    ],
    " 查": [
        1.0,
        -0.0
    ],
    "查询": [
        -0.0,
        1.0
    ],
    " p": [
        1.584962500721156,
        1.584962500721156
    ],
    "银行": [
        1.0,
        1.0
    ],
    "行 ": [
        1.0,
        1.0
    ],
    " 百": [
        1.0,
        -0.0
    ],
    "度云": [
        -0.0,
        1.0
    ],
    "有限": [
        0.9182958340544896,
        0.9182958340544896
    ],
    "公司": [
        0.9182958340544896,
        0.9182958340544896
    ],
    "司 ": [
        -0.0,
        1.0
    ],
    " 有": [
        2.0,
        1.5
    ],
    " 做": [
        1.0,
        1.0
    ],
    "昆山": [
        1.0,
        -0.0
    ],
    "山 ": [
        -0.0,
        1.0
    ],
    " 品": [
        1.0,
        1.0
    ],